출동소방서,시점,소방공무원,구급출동건수,구조출동건수,화재출동건수,기타출동건수,구급이송건수,구급이송인원,구조인원,사망,화재발생건수,재산피해경감율,인구,총인구수,면적,면적비율,1년 전 소방공무원
강남소방서,2007,240,18384,1692,351,1036,11474,11731,763,6,265,0.0,560958,10192710,39.54,6.53,240
강남소방서,2008,279,19178,1771,453,2115,11723,12021,751,20,393,0.0,557832,10200827,39.54,6.53,240
강남소방서,2009,293,20152,2160,439,3034,12223,12521,745,24,367,0.0,562138,10208302,39.54,6.53,279
강남소방서,2010,285,20163,2583,458,3726,12350,12573,762,8,372,0.0,570095,10312545,39.51,6.53,293
강남소방서,2011,304,21335,3193,482,4092,13153,13441,1204,3,420,0.946,565710,10249679,39.51,6.53,285
강남소방서,2012,310,22510,3838,430,3753,14874,15200,1341,9,385,0.957,564197,10195318,39.5,6.53,304
강남소방서,2013,310,21916,3670,447,3449,14730,14978,1064,14,421,0.936,563599,10143645,39.5,6.53,310
강남소방서,2014,309,25671,2427,520,4139,16683,16927,1350,6,427,0.962,578114,10103233,39.5,6.53,310
강남소방서,2015,321,26707,2239,634,3945,17129,17437,1521,10,504,0.971,576495,10022181,39.5,6.53,309
강남소방서,2016,321,29374,2205,802,4131,17875,18183,1155,8,589,0.961,567115,9930616,39.5,6.53,321
강남소방서,2017,324,31590,2270,619,4146,18384,18732,1418,3,502,0.983,556164,9857426,39.5,6.53,321
강남소방서,2018,355,32700,2341,625,3458,19089,19299,1020,5,436,0.982,542364,9765623,39.5,6.53,324
강남소방서,2019,358,31783,2445,582,3155,18975,19300,872,1,456,0.978,545169,9729107,39.5,6.5,355
강남소방서,2020,361,28419,2478,505,3253,15077,15132,723,12,387,0.974,539231,9668465,39.5,6.53,358
강남소방서,2021,371,35090,2862,661,3977,17974,18016,982,17,391,0.968,533042,9509458,39.5,6.53,361
강동소방서,2007,209,14237,1100,284,545,9388,9558,813,18,233,0.0,464546,10192710,24.58,4.06,209
강동소방서,2008,201,14978,1003,302,921,9913,10117,735,22,253,0.0,469024,10200827,24.58,4.06,209
강동소방서,2009,214,16272,1198,310,1453,10748,10959,563,15,252,0.0,484745,10208302,24.58,4.06,201
강동소방서,2010,223,16762,1456,300,2004,11244,11443,532,18,237,0.0,491871,10312545,24.58,4.06,214
강동소방서,2011,224,16816,1713,284,2359,11275,11533,440,12,232,0.987,495138,10249679,24.59,4.06,223
강동소방서,2012,219,17741,2026,299,2042,11920,12121,428,8,263,0.981,487905,10195318,24.59,4.06,224
강동소방서,2013,259,18058,1792,248,2046,11834,11940,987,8,225,0.977,483379,10143645,24.59,4.06,219
강동소방서,2014,260,19589,1256,285,2250,13135,13259,789,8,240,0.963,476597,10103233,24.59,4.06,259
강동소방서,2015,263,19986,1131,383,2459,13545,13742,660,12,264,0.96,458658,10022181,24.59,4.06,260
강동소방서,2016,263,19916,1096,369,2481,12951,13113,865,10,311,0.978,444168,9930616,24.59,4.06,263
강동소방서,2017,266,21482,1179,338,2347,13758,13949,1099,10,269,0.987,436223,9857426,24.59,4.06,263
강동소방서,2018,266,20970,1313,391,2037,13880,13990,815,11,324,0.93,427573,9765623,24.59,4.06,266
강동소방서,2019,268,20846,1306,309,1823,13750,13894,631,5,254,0.874,436067,9729107,24.59,4.1,266
강동소방서,2020,296,20312,1162,287,1996,11969,11982,352,9,221,0.891,459970,9668465,24.59,4.06,268
강동소방서,2021,297,24172,1557,377,2301,13480,13486,250,0,211,0.886,462664,9509458,24.59,4.06,296
강북소방서,2012,188,10624,1598,206,2069,7670,7760,246,1,141,0.96,343157,10195318,23.6,3.9,188
강북소방서,2013,189,16599,1446,231,1979,12300,12387,373,3,229,0.972,338707,10143645,23.6,3.9,188
강북소방서,2014,189,19364,1078,197,2153,13938,14071,482,9,189,0.977,335025,10103233,23.6,3.9,189
강북소방서,2015,231,18885,936,204,2195,13199,13353,355,6,178,0.889,330873,10022181,23.6,3.9,189
강북소방서,2016,231,19430,930,188,2395,13113,13248,468,9,170,0.972,327195,9930616,23.6,3.9,231
강북소방서,2017,228,20602,981,189,2487,13194,13353,510,7,186,0.97,324479,9857426,23.6,3.9,231
강북소방서,2018,228,21500,1101,208,2054,13709,13791,389,0,203,0.978,319164,9765623,23.6,3.9,228
강북소방서,2019,229,20204,1066,181,1803,13077,13154,300,3,167,0.963,313954,9729107,23.6,3.9,228
강북소방서,2020,229,18729,1084,197,1633,10914,10918,249,4,186,0.958,308055,9668465,23.6,3.9,229
강북소방서,2021,238,22371,1302,195,1947,13161,13167,366,4,146,0.861,299182,9509458,23.6,3.9,229
강서소방서,2007,219,16163,1382,395,510,10440,10595,1116,19,381,0.0,560424,10192710,41.42,6.84,219
강서소방서,2008,210,16742,1272,407,1054,11026,11184,1158,13,388,0.0,576848,10200827,41.43,6.84,219
강서소방서,2009,222,17939,1530,349,1826,12086,12298,972,15,309,0.0,572836,10208302,41.42,6.84,210
강서소방서,2010,223,18346,1668,321,2441,12157,12357,1542,12,260,0.0,574127,10312545,41.43,6.84,222
강서소방서,2011,227,18064,1968,425,2555,11970,12158,1612,6,353,0.977,569072,10249679,41.43,6.84,223
강서소방서,2012,267,19191,2597,386,2501,13309,13526,1231,13,282,0.922,567431,10195318,41.43,6.85,227
강서소방서,2013,267,19816,2389,343,2463,13793,14033,1470,22,242,0.973,569070,10143645,41.43,6.85,267
강서소방서,2014,269,21752,1746,406,3086,15477,15695,1254,29,306,0.977,585160,10103233,41.43,6.85,267
강서소방서,2015,281,22608,1622,368,3234,15758,15975,917,19,301,0.99,589074,10022181,41.44,6.85,269
강서소방서,2016,281,23988,1655,428,3399,16241,16427,920,23,372,0.99,595485,9930616,41.44,6.85,281
강서소방서,2017,278,24947,1748,417,3255,16097,16315,911,8,364,0.985,601691,9857426,41.44,6.85,281
강서소방서,2018,281,26315,1858,420,3020,17157,17313,813,18,383,0.981,596949,9765623,41.44,6.85,278
강서소방서,2019,311,24892,1839,370,2765,16477,16631,371,4,331,0.959,591796,9729107,41.44,6.8,281
강서소방서,2020,315,22721,1781,247,2605,14116,14119,264,3,212,0.99,580185,9668465,41.44,6.85,311
강서소방서,2021,315,26704,2088,468,2981,15706,15722,302,4,223,0.968,574315,9509458,41.45,6.85,315
관악소방서,2007,204,16101,1473,290,587,10478,10612,735,11,257,0.0,535571,10192710,29.57,4.89,204
관악소방서,2008,199,16372,1361,333,1264,10819,10965,676,12,281,0.0,534556,10200827,29.57,4.89,204
관악소방서,2009,205,17754,1489,292,1846,11982,12163,617,15,259,0.0,529869,10208302,29.57,4.89,199
관악소방서,2010,199,17972,1849,268,2578,11948,12108,705,7,211,0.0,531434,10312545,29.57,4.89,205
관악소방서,2011,205,18009,2207,343,2699,12379,12523,949,15,282,0.892,526397,10249679,29.57,4.89,199
관악소방서,2012,214,20764,2648,475,2691,14642,14844,939,12,409,0.903,523029,10195318,29.57,4.89,205
관악소방서,2013,252,21100,2501,389,2576,14594,14705,838,13,299,0.967,518028,10143645,29.57,4.89,214
관악소방서,2014,254,23311,1734,372,2939,16176,16333,890,22,262,0.917,513186,10103233,29.57,4.89,252
관악소방서,2015,256,24229,1608,501,2999,15916,16083,1415,22,285,0.952,509663,10022181,29.57,4.89,254
관악소방서,2016,256,24292,1500,481,3135,16119,16279,1223,15,314,0.968,506851,9930616,29.57,4.89,256
관악소방서,2017,259,24577,1541,354,3187,15904,16149,1080,4,286,0.971,503297,9857426,29.57,4.89,256
관악소방서,2018,262,25510,1709,379,2815,16396,16490,776,8,337,0.924,501957,9765623,29.57,4.89,259
관악소방서,2019,264,24433,1775,373,2344,15804,15942,651,10,311,0.888,500094,9729107,29.57,4.9,262
관악소방서,2020,276,22432,1785,261,2302,13891,13914,490,15,219,0.92,495060,9668465,29.57,4.89,264
관악소방서,2021,274,25764,2193,496,2646,15403,15434,809,15,259,0.921,485699,9509458,29.57,4.89,276
광진소방서,2007,278,21236,1024,309,461,14021,14246,696,45,439,0.0,376572,10192710,17.05,2.82,278
광진소방서,2008,261,21885,1022,253,924,14860,15164,753,39,439,0.0,375482,10200827,17.06,2.82,278
광진소방서,2009,278,23537,1144,275,1272,15708,15960,825,49,518,0.0,373998,10208302,17.06,2.82,261
광진소방서,2010,360,24887,1430,242,1692,16273,16557,919,51,365,0.0,375463,10312545,17.06,2.82,278
광진소방서,2011,357,23922,1600,178,1907,15877,16076,1098,48,331,0.933,371936,10249679,17.06,2.82,360
광진소방서,2012,338,24574,2045,228,2156,16787,17014,905,45,414,0.983,371313,10195318,17.06,2.82,357
광진소방서,2013,336,24007,1848,223,1978,16624,16813,739,14,399,0.997,368927,10143645,17.06,2.82,338
광진소방서,2014,335,28067,1212,253,2040,18872,19095,1668,27,448,0.945,363354,10103233,17.06,2.82,336
광진소방서,2015,348,28667,1059,276,2030,18866,19110,1144,22,438,0.985,360369,10022181,17.06,2.82,335
광진소방서,2016,348,30325,1039,251,2242,19780,20060,1612,18,397,0.986,357215,9930616,17.06,2.82,348
광진소방서,2017,204,24348,1091,209,2100,15258,15529,1352,17,294,0.975,357703,9857426,17.06,2.82,348
광진소방서,2018,204,16270,1072,218,1763,10098,10181,628,9,203,0.95,355559,9765623,17.06,2.82,204
광진소방서,2019,206,15124,1155,236,1650,9592,9698,554,20,195,0.965,351350,9729107,17.06,2.8,204
광진소방서,2020,209,13709,1198,201,1541,8198,8202,315,4,186,0.942,346682,9668465,17.06,2.82,206
광진소방서,2021,219,16881,1471,263,1925,9937,9937,464,10,205,0.869,339996,9509458,17.06,2.82,209
노원소방서,2007,217,18035,1479,306,548,12775,12940,533,9,296,0.0,616753,10192710,35.42,5.85,217
노원소방서,2008,210,18828,1435,325,975,13458,13626,550,8,299,0.0,615981,10200827,35.43,5.85,217
노원소방서,2009,220,20591,1495,376,1545,14506,14709,688,22,335,0.0,610616,10208302,35.44,5.85,210
노원소방서,2010,221,20412,1791,278,2131,14643,14825,1126,17,228,0.0,611230,10312545,35.44,5.85,220
노원소방서,2011,222,20307,1912,216,2295,14312,14495,1066,8,199,0.97,603930,10249679,35.44,5.86,221
노원소방서,2012,230,20988,2268,247,2605,15181,15360,1193,9,234,0.984,597189,10195318,35.44,5.86,222
노원소방서,2013,231,21794,2107,274,2283,15294,15405,1102,3,260,0.988,590479,10143645,35.44,5.86,230
노원소방서,2014,231,23714,1667,299,2636,16825,16948,1177,7,252,0.996,582552,10103233,35.44,5.86,231
노원소방서,2015,275,25980,1567,337,2701,17585,17804,881,15,241,0.98,574583,10022181,35.44,5.85,231
노원소방서,2016,275,26234,1669,337,2714,17997,18200,1498,17,278,0.943,567581,9930616,35.44,5.86,275
노원소방서,2017,269,26132,1598,294,2894,17689,17870,1604,11,279,0.973,554403,9857426,35.44,5.86,275
노원소방서,2018,272,26003,1640,244,2514,18080,18174,951,11,229,0.954,543752,9765623,35.44,5.86,269
노원소방서,2019,273,24982,1557,237,2312,17351,17471,982,12,203,0.982,532905,9729107,35.44,5.9,272
노원소방서,2020,273,22863,1553,197,2345,14034,14052,490,7,172,0.985,523037,9668465,35.44,5.86,273
노원소방서,2021,271,24411,1929,246,2465,14535,14546,393,11,173,0.99,510956,9509458,35.44,5.86,273
도봉소방서,2007,246,23243,976,171,463,16275,16542,587,16,364,0.0,375975,10192710,20.7,3.42,246
도봉소방서,2008,239,24648,923,260,730,17158,17391,1070,33,504,0.0,373936,10200827,20.7,3.42,246
도봉소방서,2009,251,25854,898,256,1185,18177,18410,1095,23,483,0.0,369733,10208302,20.7,3.42,239
도봉소방서,2010,249,26930,1033,217,1537,18762,19000,836,20,376,0.0,368298,10312545,20.7,3.42,251
도봉소방서,2011,254,26729,1137,149,1594,19083,19359,933,29,294,0.95,365573,10249679,20.7,3.42,249
도봉소방서,2012,163,17990,1420,172,1738,13257,13382,642,14,223,0.954,362270,10195318,20.7,3.42,254
도봉소방서,2013,197,11980,1267,221,1634,8914,9005,537,7,218,0.902,358582,10143645,20.7,3.42,163
도봉소방서,2014,198,13465,993,221,1875,9802,9904,543,5,197,0.958,353709,10103233,20.7,3.42,197
도봉소방서,2015,214,15637,1080,251,1969,11251,11356,688,6,188,0.962,351242,10022181,20.71,3.42,198
도봉소방서,2016,214,16617,1020,270,2110,11431,11522,836,3,222,0.962,348220,9930616,20.67,3.42,214
도봉소방서,2017,217,16815,1054,205,2249,11368,11512,905,4,192,0.967,344166,9857426,20.67,3.41,214
도봉소방서,2018,217,17084,1074,254,2084,11495,11551,1029,13,237,0.98,339413,9765623,20.67,3.41,217
도봉소방서,2019,218,16495,1033,204,1609,10896,10963,1112,2,179,0.975,333362,9729107,20.66,3.4,217
도봉소방서,2020,227,15221,981,195,1454,9367,9371,411,3,163,0.924,325257,9668465,20.65,3.41,218
도봉소방서,2021,234,17521,1134,194,1660,10695,10708,296,1,140,0.991,317366,9509458,20.65,3.41,227
동대문소방서,2007,222,16442,1052,383,622,10929,11090,439,16,374,0.0,376421,10192710,14.2,2.35,201
동대문소방서,2008,213,16409,902,340,1100,11118,11337,479,7,313,0.0,370250,10200827,14.2,2.35,222
동대문소방서,2009,294,17569,994,298,1378,11827,12024,347,9,266,0.0,362146,10208302,14.2,2.35,213
동대문소방서,2010,283,18237,1125,268,1694,12257,12437,484,6,229,0.0,366786,10312545,14.2,2.35,294
동대문소방서,2011,276,18073,1355,221,2009,12189,12326,637,4,211,0.948,365486,10249679,14.2,2.35,283
동대문소방서,2012,264,18574,1699,201,1978,13010,13193,638,9,188,0.946,363258,10195318,14.2,2.35,276
동대문소방서,2013,264,19315,1572,224,1911,13078,13194,522,6,206,0.955,364273,10143645,14.21,2.35,264
동대문소방서,2014,265,20554,1127,259,2128,14172,14307,980,9,221,0.948,363687,10103233,14.21,2.35,264
동대문소방서,2015,265,21555,983,267,2173,14283,14439,596,12,223,0.959,360153,10022181,14.21,2.35,265
동대문소방서,2016,265,21651,1028,288,2373,14088,14257,823,17,236,0.912,355069,9930616,14.22,2.35,265
동대문소방서,2017,266,22357,1065,212,2520,13988,14136,859,12,200,0.97,350647,9857426,14.22,2.35,265
동대문소방서,2018,269,23001,1160,217,2132,14372,14492,797,9,203,0.93,348052,9765623,14.22,2.35,266
동대문소방서,2019,271,21684,1084,241,1621,13529,13628,511,11,195,0.911,346194,9729107,14.22,2.3,269
동대문소방서,2020,270,19232,1006,196,1539,10538,10542,393,6,152,0.849,342837,9668465,14.22,2.35,271
동대문소방서,2021,271,21241,1258,235,1713,11962,11967,322,19,155,0.823,337400,9509458,14.22,2.35,270
동작소방서,2007,190,12030,872,237,395,8171,8317,559,5,229,0.0,405967,10192710,16.35,2.7,190
동작소방서,2008,181,11836,762,232,792,7983,8149,538,9,212,0.0,400866,10200827,16.35,2.7,190
동작소방서,2009,189,12617,886,256,1274,8609,8787,501,3,237,0.0,397920,10208302,16.35,2.7,181
동작소방서,2010,192,13109,1084,244,1982,8987,9103,410,4,226,0.0,402709,10312545,16.35,2.7,189
동작소방서,2011,200,12874,1221,231,1919,8713,8819,997,12,197,0.956,401408,10249679,16.35,2.7,192
동작소방서,2012,225,12656,1441,269,1711,8567,8674,541,4,209,0.992,405491,10195318,16.35,2.7,200
동작소방서,2013,228,12518,1470,227,1794,8546,8651,2045,15,159,0.966,410815,10143645,16.35,2.7,225
동작소방서,2014,229,13812,1032,243,1960,9270,9365,664,13,178,0.997,407470,10103233,16.35,2.7,228
동작소방서,2015,228,15768,953,274,1949,9994,10161,561,3,185,0.983,400641,10022181,16.35,2.7,229
동작소방서,2016,227,15940,921,269,2118,10185,10321,609,5,215,0.996,400997,9930616,16.35,2.7,228
동작소방서,2017,231,16766,907,240,1995,10807,10960,571,15,222,0.997,396217,9857426,16.35,2.7,227
동작소방서,2018,231,17060,1005,222,1822,11202,11276,577,16,205,0.959,396203,9765623,16.35,2.7,231
동작소방서,2019,234,16500,1069,233,1485,10758,10839,440,10,208,0.941,395963,9729107,16.35,2.7,231
동작소방서,2020,234,14053,1025,178,1399,8749,8754,320,11,151,0.991,391220,9668465,16.35,2.7,234
동작소방서,2021,233,15130,1102,213,1744,9078,9088,295,9,129,0.929,385483,9509458,16.36,2.7,234
마포소방서,2007,208,17492,1192,413,518,11367,11644,750,11,324,0.0,392650,10192710,23.87,3.94,208
마포소방서,2008,226,17466,1190,406,928,11504,11746,719,13,294,0.0,385119,10200827,23.87,3.94,208
마포소방서,2009,241,19664,1239,295,1536,12872,13122,576,7,192,0.0,384013,10208302,23.87,3.94,226
마포소방서,2010,247,20362,1451,247,2099,13440,13756,566,18,179,0.0,391865,10312545,23.88,3.95,241
마포소방서,2011,248,19470,1791,262,2105,12854,13130,708,8,209,0.989,389493,10249679,23.84,3.94,247
마포소방서,2012,295,21238,2350,334,2127,14100,14326,828,7,209,0.966,384644,10195318,23.84,3.94,248
마포소방서,2013,301,22044,2312,309,2249,14550,14727,1041,4,226,0.995,381856,10143645,23.84,3.94,295
마포소방서,2014,296,24278,1579,292,2578,16380,16568,1006,6,250,0.969,385439,10103233,23.84,3.94,301
마포소방서,2015,308,25451,1445,428,2515,16582,16811,987,7,251,0.954,387643,10022181,23.84,3.94,296
마포소방서,2016,308,27287,1553,390,2682,17474,17661,1028,13,283,0.991,379892,9930616,23.84,3.94,308
마포소방서,2017,305,28073,1476,282,2739,17240,17454,1142,12,235,0.964,374915,9857426,23.85,3.94,308
마포소방서,2018,308,28905,1567,320,2314,17778,17922,695,4,254,0.977,375077,9765623,23.85,3.94,305
마포소방서,2019,310,27296,1735,311,1978,16839,16994,799,4,246,0.95,374035,9729107,23.85,3.9,308
마포소방서,2020,310,22939,1598,329,2141,13524,13530,667,2,240,0.852,371890,9668465,23.85,3.94,310
마포소방서,2021,308,27372,1948,448,1997,15180,15182,521,0,242,0.885,368905,9509458,23.85,3.94,310
서대문소방서,2007,190,14471,1018,359,545,9049,9191,655,11,297,0.0,348575,10192710,17.61,2.91,190
서대문소방서,2008,185,14817,901,368,968,9116,9243,550,9,294,0.0,331688,10200827,17.6,2.91,190
서대문소방서,2009,192,15213,910,299,1275,9329,9496,616,13,248,0.0,327451,10208302,17.6,2.91,185
서대문소방서,2010,195,15319,1100,268,1907,9773,9933,992,17,205,0.0,324541,10312545,17.6,2.91,192
서대문소방서,2011,196,15575,1263,256,1938,9797,9949,749,8,209,0.949,314852,10249679,17.6,2.91,195
서대문소방서,2012,221,16049,1628,236,1801,10545,10708,916,10,173,0.927,315113,10195318,17.61,2.91,196
서대문소방서,2013,222,16671,1490,257,1857,11132,11310,573,4,221,0.922,314110,10143645,17.61,2.91,221
서대문소방서,2014,223,18391,963,229,1913,11909,12027,624,14,212,0.987,310376,10103233,17.61,2.91,222
서대문소방서,2015,229,19130,921,284,2028,11622,11757,482,5,215,0.895,312141,10022181,17.61,2.91,223
서대문소방서,2016,229,18597,895,325,2184,11279,11390,674,6,227,0.993,314194,9930616,17.61,2.91,229
서대문소방서,2017,229,19166,905,259,2286,11170,11323,675,6,232,0.961,312800,9857426,17.63,2.91,229
서대문소방서,2018,229,20973,1027,268,1981,12110,12179,638,8,229,0.956,310313,9765623,17.62,2.91,229
서대문소방서,2019,230,19374,936,294,1598,11983,12107,492,7,269,0.99,309397,9729107,17.63,2.9,229
서대문소방서,2020,239,17807,1042,253,1570,10444,10439,332,6,220,0.957,312173,9668465,17.63,2.91,230
서대문소방서,2021,243,21134,1201,373,1709,12310,12320,192,3,262,0.983,304819,9509458,17.63,2.91,239
서초소방서,2007,236,18446,1263,395,673,10242,10502,613,13,363,0.0,405969,10192710,47.0,7.76,236
서초소방서,2008,231,19201,1314,390,1182,11224,11507,900,34,319,0.0,406320,10200827,47.0,7.77,236
서초소방서,2009,244,20498,1602,345,1841,12342,12714,985,22,291,0.0,425481,10208302,47.0,7.77,231
서초소방서,2010,254,21658,1884,295,2411,12926,13251,532,4,230,0.0,434720,10312545,47.0,7.77,244
서초소방서,2011,306,21001,2370,303,3551,12370,12648,625,1,235,0.985,433564,10249679,47.0,7.77,254
서초소방서,2012,298,21547,2929,276,2445,13141,13440,553,7,230,0.987,435044,10195318,47.0,7.77,306
서초소방서,2013,298,22409,2727,250,2371,13401,13682,806,4,216,0.963,441763,10143645,47.0,7.77,298
서초소방서,2014,297,24334,1720,382,2813,15178,15470,859,5,331,0.983,449678,10103233,47.0,7.77,298
서초소방서,2015,303,24172,1553,437,2904,15247,15539,821,7,303,0.958,446764,10022181,47.0,7.77,297
서초소방서,2016,303,26230,1528,467,3033,16076,16404,825,4,286,0.962,447192,9930616,46.98,7.76,303
서초소방서,2017,303,25681,1543,320,3044,14876,15107,911,11,242,0.997,441102,9857426,46.99,7.76,303
서초소방서,2018,306,26109,1716,325,2822,15602,15806,732,4,242,0.956,433951,9765623,46.98,7.76,303
서초소방서,2019,308,24549,1605,319,2491,14753,14998,533,4,242,0.949,430826,9729107,46.98,7.8,306
서초소방서,2020,314,21023,1535,317,2397,11602,11613,430,3,240,0.964,425126,9668465,46.98,7.76,308
서초소방서,2021,316,24629,1780,367,3319,13653,13662,340,4,231,0.877,412279,9509458,46.98,7.76,314
성동소방서,2017,232,7359,856,201,1749,4657,4736,244,5,103,0.941,304808,9857426,16.86,2.79,232
성동소방서,2018,232,16722,998,219,1488,10543,10628,544,7,212,0.897,308221,9765623,16.86,2.79,232
성동소방서,2019,233,15827,980,212,1149,10029,10111,577,5,194,0.886,300889,9729107,16.86,2.8,232
성동소방서,2020,233,14476,899,199,1091,8069,8072,283,2,187,0.905,293556,9668465,16.86,2.79,233
성동소방서,2021,237,16520,1141,240,1413,9163,9177,341,4,191,0.96,285990,9509458,16.86,2.79,233
성북소방서,2007,190,14222,1201,323,632,9721,9913,407,6,304,0.0,469973,10192710,24.57,4.06,190
성북소방서,2008,185,14862,969,281,1027,10404,10580,356,5,249,0.0,473357,10200827,24.57,4.06,190
성북소방서,2009,197,15975,1041,265,1708,10924,11110,503,9,230,0.0,476028,10208302,24.57,4.06,185
성북소방서,2010,195,16041,1309,253,2201,10929,11045,666,6,221,0.0,488932,10312545,24.56,4.06,197
성북소방서,2011,197,15700,1501,212,2413,11040,11180,660,10,194,0.942,485171,10249679,24.57,4.06,195
성북소방서,2012,193,16472,1956,227,2357,11821,11925,765,3,220,0.98,481857,10195318,24.57,4.06,197
성북소방서,2013,194,16791,1626,219,2419,11526,11626,773,5,204,0.963,476589,10143645,24.58,4.06,193
성북소방서,2014,194,18673,1130,195,2615,12616,12745,548,7,175,0.974,466706,10103233,24.58,4.06,194
성북소방서,2015,237,19785,1106,218,2613,12944,13095,507,10,151,0.955,459275,10022181,24.58,4.06,194
성북소방서,2016,237,20973,1109,229,2763,13308,13461,610,7,194,0.955,450355,9930616,24.58,4.06,237
성북소방서,2017,240,21663,1101,197,2738,13245,13408,691,9,183,0.967,444055,9857426,24.57,4.06,237
성북소방서,2018,240,21665,1070,232,2299,13388,13463,386,5,215,0.97,435868,9765623,24.57,4.06,240
성북소방서,2019,241,20208,1074,225,1962,13002,13088,391,8,191,0.946,442650,9729107,24.57,4.1,240
성북소방서,2020,241,18201,1073,192,2012,10623,10633,309,6,173,0.826,437153,9668465,24.58,4.06,241
성북소방서,2021,242,19915,1230,232,2123,11598,11611,270,8,168,0.898,430528,9509458,24.58,4.06,241
송파소방서,2007,236,18192,1518,474,669,11235,11479,783,11,446,0.0,623876,10192710,33.88,5.6,236
송파소방서,2008,227,18917,1544,372,1390,11978,12158,565,10,299,0.0,668962,10200827,33.88,5.6,236
송파소방서,2009,242,21230,1698,392,1733,13854,14103,510,15,303,0.0,681476,10208302,33.88,5.6,227
송파소방서,2010,249,21917,2077,323,2516,14068,14320,600,15,235,0.0,685279,10312545,33.88,5.6,242
송파소방서,2011,252,21121,2311,395,2611,13858,14119,569,3,337,0.958,682209,10249679,33.88,5.6,249
송파소방서,2012,305,21034,2890,331,2799,14564,14800,1711,10,295,0.925,673115,10195318,33.88,5.6,252
송파소방서,2013,305,21301,2587,336,2710,14393,14572,2038,8,304,0.956,668415,10143645,33.87,5.6,305
송파소방서,2014,304,24519,1843,393,2992,16187,16394,1064,9,302,0.988,664738,10103233,33.88,5.6,305
송파소방서,2015,315,25674,1584,534,3102,16581,16825,694,12,278,0.993,660302,10022181,33.88,5.6,304
송파소방서,2016,315,26627,1570,546,3296,17200,17415,776,12,325,0.985,657831,9930616,33.88,5.6,315
송파소방서,2017,315,28166,1743,439,3347,17488,17736,922,5,318,0.936,664496,9857426,33.87,5.6,315
송파소방서,2018,318,28818,1831,458,2766,17545,17708,802,16,340,0.945,666635,9765623,33.87,5.6,315
송파소방서,2019,321,27638,1813,418,2514,17097,17296,632,8,335,0.936,675961,9729107,33.87,5.6,318
송파소방서,2020,321,26002,1698,412,2390,14810,14845,530,7,307,0.974,667960,9668465,33.87,5.6,321
송파소방서,2021,327,29512,2085,408,2826,16839,16863,483,3,263,0.944,658338,9509458,33.88,5.6,321
양천소방서,2007,195,14398,1081,264,424,9538,9756,668,6,225,0.0,503650,10192710,17.4,2.88,195
양천소방서,2008,209,16439,906,292,832,11142,11388,419,4,234,0.0,502343,10200827,17.4,2.88,195
양천소방서,2009,222,17575,1073,320,1307,11888,12133,586,5,269,0.0,501395,10208302,17.41,2.88,209
양천소방서,2010,221,17866,1037,233,1723,12293,12493,448,3,207,0.0,500001,10312545,17.4,2.88,222
양천소방서,2011,222,17229,1321,287,1858,11532,11734,579,5,230,0.969,500210,10249679,17.41,2.88,221
양천소방서,2012,253,17606,1557,287,1906,11982,12201,651,8,209,0.968,495911,10195318,17.4,2.87,222
양천소방서,2013,253,17657,1472,296,1893,12101,12266,906,11,233,0.951,492528,10143645,17.4,2.88,253
양천소방서,2014,254,19515,1132,305,2154,13456,13631,836,3,209,0.272,486221,10103233,17.4,2.88,253
양천소방서,2015,260,21192,1005,323,2071,14253,14452,741,7,218,0.982,484532,10022181,17.4,2.88,254
양천소방서,2016,260,22078,1130,281,2293,14891,15081,870,9,229,0.99,477739,9930616,17.41,2.88,260
양천소방서,2017,263,22597,1065,254,2300,14656,14836,905,5,244,0.979,471154,9857426,17.41,2.88,260
양천소방서,2018,266,23130,1250,238,1955,14951,15102,565,3,219,0.986,464185,9765623,17.41,2.88,263
양천소방서,2019,268,22413,1113,185,1698,14567,14699,440,5,163,0.89,458165,9729107,17.41,2.9,266
양천소방서,2020,268,20749,1016,173,1661,12689,12695,239,2,153,0.971,454251,9668465,17.41,2.88,268
양천소방서,2021,278,24542,1257,273,1742,14650,14659,246,4,151,0.841,447302,9509458,17.41,2.88,268
영등포소방서,2007,250,17283,1406,341,480,10753,11026,1132,62,322,0.0,408178,10192710,24.57,4.06,250
영등포소방서,2008,241,18207,1345,338,1113,11367,11677,837,71,310,0.0,408099,10200827,24.57,4.06,250
영등포소방서,2009,251,19151,1463,294,1325,11990,12246,830,72,255,0.0,405798,10208302,24.57,4.06,241
영등포소방서,2010,250,19637,1724,255,1679,12331,12631,1092,73,222,0.0,406833,10312545,24.57,4.06,251
영등포소방서,2011,307,19451,2075,284,1753,12099,12330,1852,81,214,0.987,397443,10249679,24.57,4.06,250
영등포소방서,2012,279,20866,2615,330,1747,13286,13579,1678,64,252,0.991,391408,10195318,24.55,4.06,307
영등포소방서,2013,279,21180,2724,310,1943,13586,13796,978,16,219,0.941,386471,10143645,24.53,4.05,279
영등포소방서,2014,277,23826,1940,334,2191,15095,15289,1302,12,239,0.989,382352,10103233,24.53,4.05,279
영등포소방서,2015,277,24842,1713,390,2315,15225,15494,1353,17,243,0.957,378504,10022181,24.53,4.05,277
영등포소방서,2016,277,26064,1746,411,2459,15188,15392,1312,6,280,0.979,370613,9930616,24.53,4.05,277
영등포소방서,2017,277,26256,1812,266,2472,14865,15138,1430,10,239,0.945,368550,9857426,24.55,4.06,277
영등포소방서,2018,280,26676,1859,283,2338,15494,15670,1381,28,258,0.975,367778,9765623,24.55,4.06,277
영등포소방서,2019,282,26139,2082,307,2114,14674,14842,1546,34,265,0.761,367678,9729107,24.55,4.0,280
영등포소방서,2020,286,23456,2005,284,1840,11335,11340,910,21,225,0.966,379480,9668465,24.55,4.06,282
영등포소방서,2021,299,28347,2274,440,2027,13295,13305,1040,20,208,0.967,376837,9509458,24.55,4.06,286
용산소방서,2007,210,12572,985,282,477,7726,7938,781,15,224,0.0,235832,10192710,21.87,3.61,210
용산소방서,2008,200,12258,878,300,953,7394,7592,493,11,235,0.0,238224,10200827,21.87,3.61,210
용산소방서,2009,211,13127,1033,266,1256,7853,8039,572,8,203,0.0,238708,10208302,21.87,3.61,200
용산소방서,2010,223,13485,1132,201,1607,8117,8306,396,14,160,0.0,244853,10312545,21.87,3.61,211
용산소방서,2011,224,13765,1346,185,1785,8171,8349,504,5,158,0.932,246501,10249679,21.87,3.61,223
용산소방서,2012,241,13627,1672,199,1707,8266,8427,608,5,150,0.984,243232,10195318,21.87,3.61,224
용산소방서,2013,250,13281,1574,222,1599,8225,8344,493,2,170,0.995,239740,10143645,21.87,3.61,241
용산소방서,2014,247,14989,1134,232,1864,9288,9452,611,3,208,0.998,235951,10103233,21.87,3.61,250
용산소방서,2015,250,15686,1010,250,1880,9459,9665,739,14,187,0.969,233342,10022181,21.87,3.61,247
용산소방서,2016,250,16065,1019,255,2127,9479,9644,711,6,197,0.987,230241,9930616,21.87,3.61,250
용산소방서,2017,250,16885,1130,184,2229,9524,9701,753,7,167,0.982,229161,9857426,21.87,3.61,250
용산소방서,2018,250,16899,1192,245,2085,9675,9773,413,4,211,0.985,228999,9765623,21.87,3.61,250
용산소방서,2019,251,16089,1196,263,1617,9163,9259,413,1,238,0.965,228670,9729107,21.87,3.6,250
용산소방서,2020,251,12981,1205,250,1567,6921,6923,188,4,192,0.867,230040,9668465,21.87,3.61,251
용산소방서,2021,251,14920,1461,304,1702,7676,7676,379,0,176,0.927,222953,9509458,21.87,3.61,251
은평소방서,2007,192,13926,1330,362,686,8590,8698,572,11,288,0.0,459196,10192710,29.71,4.91,192
은평소방서,2008,187,13576,1082,346,1292,9005,9106,902,10,224,0.0,458401,10200827,29.69,4.91,192
은평소방서,2009,193,14012,1042,262,2037,9510,9613,762,9,179,0.0,465895,10208302,29.69,4.91,187
은평소방서,2010,195,14266,1267,306,2803,9955,10066,933,5,234,0.0,488109,10312545,29.69,4.91,193
은평소방서,2011,194,14621,1463,306,2684,10122,10263,948,3,250,0.969,493634,10249679,29.69,4.91,195
은평소방서,2012,192,15706,1857,334,3243,11261,11468,871,6,220,0.96,501480,10195318,29.7,4.91,194
은평소방서,2013,193,16624,1692,296,2794,11331,11475,1195,15,211,0.9,503660,10143645,29.7,4.91,192
은평소방서,2014,193,18690,1349,241,3312,12469,12590,641,15,198,0.93,498644,10103233,29.7,4.91,193
은평소방서,2015,242,19164,1298,398,3254,12725,12872,656,25,244,0.955,497920,10022181,29.7,4.91,193
은평소방서,2016,242,21622,1336,331,3483,14076,14222,679,21,217,0.493,491476,9930616,29.7,4.91,242
은평소방서,2017,242,21652,1317,186,3525,13817,13951,721,10,159,0.885,486794,9857426,29.71,4.91,242
은평소방서,2018,242,22749,1321,252,3663,14660,14756,569,11,214,0.94,483197,9765623,29.71,4.91,242
은평소방서,2019,244,21481,1303,231,2864,14475,14578,458,1,196,0.706,480032,9729107,29.71,4.9,242
은평소방서,2020,252,19944,1417,258,2593,12510,12520,405,2,192,0.723,479835,9668465,29.71,4.91,244
은평소방서,2021,253,22823,1570,392,2737,14227,14237,297,1,160,0.639,473307,9509458,29.71,4.91,252
종로소방서,2007,250,15496,1233,296,660,8848,9058,410,5,189,0.0,165846,10192710,23.91,3.95,250
종로소방서,2008,305,15814,988,349,1144,9439,9693,304,3,266,0.0,170705,10200827,23.91,3.95,250
종로소방서,2009,327,16549,925,309,1411,10049,10283,333,3,243,0.0,168603,10208302,23.91,3.95,305
종로소방서,2010,317,16862,1224,245,1973,10222,10435,593,3,184,0.0,170578,10312545,23.91,3.95,327
종로소방서,2011,308,16900,1326,219,1952,10352,10505,723,3,182,0.985,168382,10249679,23.91,3.95,317
종로소방서,2012,294,16813,1657,319,2074,10688,10860,556,2,245,0.943,165207,10195318,23.91,3.95,308
종로소방서,2013,294,16323,1525,287,1997,10107,10247,451,2,254,0.946,160070,10143645,23.91,3.95,294
종로소방서,2014,292,18609,999,257,2650,10774,10888,430,3,239,0.858,156993,10103233,23.91,3.95,294
종로소방서,2015,292,18976,852,329,2658,10894,11062,575,5,260,0.959,154986,10022181,23.91,3.95,292
종로소방서,2016,292,18849,858,349,2671,10850,10980,879,3,276,0.895,152737,9930616,23.91,3.95,292
종로소방서,2017,292,19299,753,247,2755,10959,11148,553,5,234,0.879,154770,9857426,23.91,3.95,292
종로소방서,2018,292,20503,791,283,2248,11469,11581,489,5,254,0.955,153065,9765623,23.91,3.95,292
종로소방서,2019,293,18969,843,253,1889,10628,10746,333,2,232,0.965,151290,9729107,23.91,4.0,292
종로소방서,2020,293,15441,762,281,1669,8021,8026,300,2,217,0.98,149384,9668465,23.91,3.95,293
종로소방서,2021,303,17717,898,355,1911,9013,9020,322,3,192,0.978,144683,9509458,23.91,3.95,293
중랑소방서,2007,193,14254,1018,266,477,10189,10430,506,9,256,0.0,427071,10192710,18.5,3.06,193
중랑소방서,2008,191,13940,864,305,977,9991,10165,424,10,271,0.0,427871,10200827,18.5,3.06,193
중랑소방서,2009,197,14891,934,322,1528,10617,10762,457,10,299,0.0,424761,10208302,18.5,3.06,191
중랑소방서,2010,195,16112,1132,272,1951,11335,11493,299,5,228,0.0,427455,10312545,18.5,3.06,197
중랑소방서,2011,196,15484,1322,224,2135,11131,11281,556,10,219,0.95,423706,10249679,18.5,3.06,195
중랑소방서,2012,236,17353,1711,213,2545,12473,12611,583,7,200,0.982,419295,10195318,18.5,3.06,196
중랑소방서,2013,236,17142,1556,173,2358,12260,12400,583,5,158,0.973,416798,10143645,18.5,3.06,236
중랑소방서,2014,237,19139,1210,204,2521,13836,13968,486,10,193,0.98,418836,10103233,18.5,3.06,236
중랑소방서,2015,245,19665,1073,197,2300,13921,14095,462,4,175,0.985,413909,10022181,18.5,3.06,237
중랑소방서,2016,245,21743,1128,218,2499,15052,15220,646,19,195,0.99,411005,9930616,18.5,3.06,245
중랑소방서,2017,241,22232,1227,205,2630,14923,15099,677,19,196,0.963,408226,9857426,18.5,3.06,245
중랑소방서,2018,241,22907,1201,267,2188,15829,15943,497,12,254,0.983,403209,9765623,18.5,3.06,241
중랑소방서,2019,243,21424,1268,239,1766,14610,14721,483,4,210,0.975,397015,9729107,18.5,3.1,241
중랑소방서,2020,243,19026,1100,259,1741,11823,11838,357,12,225,0.987,394702,9668465,18.5,3.06,243
중랑소방서,2021,244,19719,1443,280,2464,12517,12523,218,3,213,0.989,387350,9509458,18.5,3.0,243
중부소방서,2007,213,13480,739,372,491,8053,8187,343,5,280,0.0,130044,10192710,9.96,1.65,213
중부소방서,2008,259,14187,726,334,886,8335,8525,389,6,256,0.0,130362,10200827,9.96,1.65,213
중부소방서,2009,276,15325,776,307,1248,9122,9266,468,8,251,0.0,129465,10208302,9.96,1.65,259
중부소방서,2010,273,15729,942,296,1529,9084,9220,435,5,237,0.0,132822,10312545,9.96,1.65,276
중부소방서,2011,270,15179,1189,248,1648,9000,9137,375,3,215,0.965,133193,10249679,9.96,1.65,273
중부소방서,2012,271,15517,1576,251,1492,9353,9493,557,5,196,0.887,133360,10195318,9.96,1.65,270
중부소방서,2013,271,15055,1306,235,1568,9234,9338,617,4,190,0.147,130465,10143645,9.96,1.65,271
중부소방서,2014,270,17124,777,260,1706,10327,10465,720,7,233,0.549,128065,10103233,9.96,1.65,271
중부소방서,2015,273,17915,756,313,2039,10058,10193,703,6,237,0.946,125733,10022181,9.96,1.65,270
중부소방서,2016,273,18363,688,264,1919,10232,10344,601,9,210,0.928,125249,9930616,9.96,1.65,273
중부소방서,2017,273,18820,722,221,1876,10233,10385,725,9,198,0.927,125709,9857426,9.96,1.65,273
중부소방서,2018,273,18752,777,303,1618,10758,10831,659,8,275,0.973,125725,9765623,9.96,1.65,273
중부소방서,2019,275,16884,712,232,1347,9872,9957,507,9,213,0.241,126171,9729107,9.96,1.6,273
중부소방서,2020,275,13706,563,203,1146,7154,7157,399,4,185,0.952,125240,9668465,9.96,1.65,275
중부소방서,2021,276,15564,709,261,1671,8195,8203,284,2,171,0.065,122499,9509458,9.96,1.65,275
